{"cameraMode":{"drawMode":0,"name":"Shaded","section":"Shading Mode"},"sceneLighting":false,"audioPlay":false,"sceneViewState":{"m_AlwaysRefresh":false,"showFog":true,"showSkybox":false,"showFlares":true,"showImageEffects":true,"showParticleSystems":true,"showVisualEffectGraphs":true,"m_FxEnabled":true},"in2DMode":false,"pivot":{"x":-0.5580267310142517,"y":1.070941686630249,"z":-2.1461586952209474},"rotation":{"x":-0.21485655009746552,"y":-0.3544905483722687,"z":0.08405228704214096,"w":-0.9061480164527893},"size":0.000017320513507002033,"orthographic":false}