{"cameraMode":{"drawMode":0,"name":"Shaded","section":"Shading Mode"},"sceneLighting":false,"audioPlay":false,"sceneViewState":{"m_AlwaysRefresh":false,"showFog":true,"showSkybox":false,"showFlares":true,"showImageEffects":true,"showParticleSystems":true,"showVisualEffectGraphs":true,"m_FxEnabled":true},"in2DMode":false,"pivot":{"x":8.235918045043946,"y":8.001688957214356,"z":-12.718466758728028},"rotation":{"x":-0.3314007520675659,"y":0.010470138862729073,"z":-0.0036788901779800655,"w":-0.9434234499931336},"size":0.000016797937860246748,"orthographic":false}