{"cameraMode":{"drawMode":0,"name":"Shaded","section":"Shading Mode"},"sceneLighting":false,"audioPlay":false,"sceneViewState":{"m_AlwaysRefresh":false,"showFog":true,"showSkybox":false,"showFlares":true,"showImageEffects":true,"showParticleSystems":true,"showVisualEffectGraphs":true,"m_FxEnabled":true},"in2DMode":false,"pivot":{"x":0.0051149725914001469,"y":-0.03309166431427002,"z":0.5675680637359619},"rotation":{"x":-0.19044870138168336,"y":-0.6055833697319031,"z":0.1522521674633026,"w":-0.7575048208236694},"size":1.0948033332824708,"orthographic":false}