{"cameraMode":{"drawMode":0,"name":"Shaded","section":"Shading Mode"},"sceneLighting":false,"audioPlay":false,"sceneViewState":{"m_AlwaysRefresh":false,"showFog":true,"showSkybox":false,"showFlares":true,"showImageEffects":true,"showParticleSystems":true,"showVisualEffectGraphs":true,"m_FxEnabled":true},"in2DMode":false,"pivot":{"x":0.0000010132789611816407,"y":0.9101505875587463,"z":-0.014389649033546448},"rotation":{"x":-0.09996438026428223,"y":0.8759571313858032,"z":-0.20631000399589539,"w":-0.4244317412376404},"size":1.47994863986969,"orthographic":false}