{"cameraMode":{"drawMode":0,"name":"Shaded","section":"Shading Mode"},"sceneLighting":false,"audioPlay":false,"sceneViewState":{"m_AlwaysRefresh":false,"showFog":true,"showSkybox":false,"showFlares":true,"showImageEffects":true,"showParticleSystems":true,"showVisualEffectGraphs":true,"m_FxEnabled":true},"in2DMode":false,"pivot":{"x":-0.3810889422893524,"y":1.8293466567993165,"z":-2.3883113861083986},"rotation":{"x":-0.30994734168052676,"y":-0.13150076568126679,"z":0.04333047941327095,"w":-0.9406168460845947},"size":0.000017320513507002033,"orthographic":false}